{
  "project_info": {
    "project_number": "163478816908",
    "firebase_url": "https://project-245f8.firebaseio.com",
    "project_id": "project-245f8",
    "storage_bucket": "project-245f8.appspot.com"
  },
  "client": [
    {
      "client_info": {
        "mobilesdk_app_id": "1:163478816908:android:162b23847b5699f263d3a9",
        "android_client_info": {
          "package_name": "com.example.project"
        }
      },
      "oauth_client": [
        {
          "client_id": "163478816908-9d27ld8rs77srto53b9je6iegglbe9gg.apps.googleusercontent.com",
          "client_type": 3
        }
      ],
      "api_key": [
        {
          "current_key": "AIzaSyDod1pj8AMbF8dQhRSCLmypZr3cUTTczOQ"
        }
      ],
      "services": {
        "appinvite_service": {
          "other_platform_oauth_client": [
            {
              "client_id": "163478816908-9d27ld8rs77srto53b9je6iegglbe9gg.apps.googleusercontent.com",
              "client_type": 3
            }
          ]
        }
      }
    }
  ],
  "configuration_version": "1"
}